{
    "step": 19,
    "train": {
        "loss": 0.02143036387860775,
        "sparse_categorical_accuracy": 0.9985052347183228
    },
    "eval": {
        "loss": 0.6709895730018616,
        "sparse_categorical_accuracy": 0.768435537815094
    }
}