{
    "step": 1,
    "train": {
        "loss": 0.4551042318344116,
        "sparse_categorical_accuracy": 0.9513132572174072
    },
    "eval": {
        "loss": 1.2741307020187378,
        "sparse_categorical_accuracy": 0.6161268353462219
    }
}